1,Yamaha Music School Malang,Kursus Musik,"Jl. Soekarno-Hatta, Ruko A-3, Mojolangu, Lowokwaru, Malang City, East Java 65142",-7.948875,112.6282328,(0341) 364356,https://id.yamaha.com/index.html,-,-,Pagi,-,-,-,Setiap Hari,"Selasa	08.00–20.00
Rabu	08.00–20.00
Kamis	08.00–20.00
Jumat	08.00–20.00
Sabtu	08.00–20.00
Minggu	09.00–14.00
Senin	08.00–20.00",Kelas,15 Orang
2,Les Drum Malang,Kursus Musik,"Perum Sufelir Inside, Jl. Simpang Sufelir Dalam No.5, Tulusrejo, Lowokwaru, Malang City, East Java 65141",-7.9526296,112.6323863,0815-1591-0707,-,-,-,Pagi,-,-,-,Hari Kerja,"Selasa	Tutup
Rabu	Tutup
Kamis	08.00–20.00
Jumat	08.00–20.00
Sabtu	08.00–20.00
Minggu	08.00–20.00
Senin	08.00–20.00",Privat,1 Orang
3,Jam Music School,Kursus Musik,"Jl. Cibuni 1 No.1, Purwantoro, Kec. Blimbing, Kota Malang, Jawa Timur 65126",-7.9574723,112.642201,(0341) 484088,https://www.instagram.com/lesdrummalang/,-,-,Pagi,-,-,-,Hari Kerja,"Selasa	08.00–19.00
Rabu	08.00–19.00
Kamis	08.00–19.00
Jumat	08.00–19.00
Sabtu	08.00–19.00
Minggu	Tutup
Senin	08.00–19.00",Kelas,15 Orang
4,Orpheus Music Malang,Kursus Musik,"Pisang Candi 56 Sukun,, Jl. Pisang Candi Barat, Pisang Candi, Kec. Sukun, Kota Malang, Jawa Timur 65146",-7.9684498,112.6113019,0856-4975-7509,-,-,-,Pagi,-,-,-,Setiap Hari,"Selasa	08.00–20.00
Rabu	08.00–20.00
Kamis	08.00–20.00
Jumat	08.00–20.00
Sabtu	08.00–20.00
Minggu	09.00–14.00
Senin	08.00–20.00",Kelas,15 Orang
5,Malang Musik School,Kursus Musik,"Jl. Sulawesi No.15, Kasin, Kec. Klojen, Kota Malang, Jawa Timur 65117",-7.9725676,112.6252622,(0341) 365280,https://malang-musik-school.business.site/,-,-,Pagi,-,-,-,Setiap Hari,"Selasa	08.00–20.00
Rabu	08.00–20.00
Kamis	08.00–20.00
Jumat	08.00–20.00
Sabtu	08.00–20.00
Minggu	08.00–20.00
Senin	08.00–20.00",Kelas,15 Orang
6,Delativa Music,Kursus Musik,"Jl. C.Trowulan No.51, Mojolangu, Kec. Lowokwaru, Kota Malang, Jawa Timur 65142",-7.9478282,112.6342702,(0341) 4374127,-,-,-,Pagi,-,-,-,Hari Kerja,"Selasa	08.00–20.00
Rabu	08.00–20.00
Kamis	08.00–20.00
Jumat	08.00–20.00
Sabtu	08.00–20.00
Minggu	Tutup
Senin	08.00–20.00",Kelas,15 Orang
7,Sony Music School,Kursus Musik,"Jl. Raung No.8, Oro-oro Dowo, Kec. Klojen, Kota Malang, Jawa Timur 65119",-7.9663603,112.6197613,0851-0040-4989,-,-,-,Pagi,-,-,-,Setiap Hari,"Selasa	08.00–20.00
Rabu	08.00–20.00
Kamis	08.00–20.00
Jumat	08.00–20.00
Sabtu	08.00–20.00
Minggu	09.00–14.00
Senin	08.00–20.00",Kelas,15 Orang
8,Yamaha Music School/Metro Music,Kursus Musik,"Jl. Kauman, Kauman, Malang, Kota Malang, Jawa Timur 65119",-7.963997,112.621677,(0341) 364347,https://id.yamaha.com/index.html,-,-,Pagi,-,-,-,Setiap Hari,"Selasa	08.00–20.00
Rabu	08.00–20.00
Kamis	08.00–20.00
Jumat	08.00–20.00
Sabtu	08.00–20.00
Minggu	09.00–14.00
Senin	08.00–20.00",Kelas,15 Orang
9,Purwa Caraka Music Studio,Kursus Musik,"Ruko Taman Niaga, Jl. Soekarno Hatta Blok A No.12-15, Jatimulyo, Kec. Lowokwaru, Kota Malang, Jawa Timur 65142",-7.9468869,112.6179894,(0341) 404979,http://purwacarakamusicstudio.com/,-,-,Siang,-,-,-,Setiap Hari,"Selasa	09.00–20.00
Rabu	09.00–20.00
Kamis	09.00–20.00
Jumat	09.00–20.00
Sabtu	09.00–20.00
Minggu	09.00–20.00
Senin	09.00–20.00",Kelas,15 Orang
10,Citra School of Music,Kursus Musik,"Jl. Banten No.mor 5, Penanggungan, Kec. Klojen, Kota Malang, Jawa Timur 65113",-7.9556767,112.6150723,0823-3665-7723,http://instagram.com/citramusic,-,-,Siang,-,-,-,Hari Kerja,"Selasa	10.00–19.00
Rabu	10.00–19.00
Kamis	10.00–19.00
Jumat	10.00–19.00
Sabtu	10.00–19.00
Minggu	10.00–19.00
Senin	Tutup",Kelas,15 Orang
11,Kaizen Music School,Kursus Musik,"Ruko Borobudur Commercial Centre Kav. 3 & 4, Jalan Terusan Borobudur No.86, Mojolangu, Kecamatan Lowokwaru, Mojolangu, Kec. Lowokwaru, Kota Malang, Jawa Timur 65142",-7.9487439,112.6287479,0823-2823-3000,https://kaizen-musicschool.business.site/,-,-,Siang,-,-,-,Setiap Hari,"Selasa	11.00–18.00
Rabu	11.00–18.00
Kamis	11.00–18.00
Jumat	11.00–18.00
Sabtu	09.00–17.00
Minggu	09.00–15.00
Senin	11.00–18.00",Kelas,15 Orang
12,Harmony Music Course,Kursus Musik,"perumahan c1-257, Jl. Villa Bukit Tidar, Merjosari, Kec. Lowokwaru, Kota Malang, Jawa Timur 65146",-7.9479575,112.5844729,0856-4673-9063,-,-,-,Pagi,-,-,-,Hari Kerja,"Selasa	08.00–14.00
Rabu	08.00–14.00
Kamis	08.00–14.00
Jumat	08.00–14.00
Sabtu	08.00–14.00
Minggu	Tutup
Senin	08.00–14.00",Privat,1 Orang
13,SWARA NARWASTU School Of Music & Enterprise,Kursus Musik,"Jl. Raya Tidar No.101b, Lowokwaru, Kec. Sukun, Kota Malang, Jawa Timur 65146",-7.9602672,112.6109771,0817-384-069,https://business.google.com/website/swara-narwastu-school-of-music-enterprise,-,-,Siang,-,-,-,Hari Kerja,"Selasa	11.00–19.00
Rabu	11.00–19.00
Kamis	11.00–19.00
Jumat	11.00–19.00
Sabtu	12.00–17.00
Minggu	Tutup
Senin	11.00–19.00",Kelas,15 Orang
14,ERMS Music & Art School,Kursus Musik,"Ruko WOW Blok N/Y 1 No, 6, Sawojajar, Kedungkandang, Malang City, East Java 65139",-7.9653063,112.6404386,0821-6559-2012,-,-,-,Pagi,-,-,-,Setiap Hari,"Selasa	08.00–20.00
Rabu	08.00–20.00
Kamis	08.00–20.00
Jumat	08.00–20.00
Sabtu	08.00–20.00
Minggu	08.00–20.00
Senin	08.00–20.00",Kelas,15 Orang
15,Tangga Nada Music Center,Kursus Musik,"Jl. Pulau Sayang No.24, Kasin, Kec. Klojen, Kota Malang, Jawa Timur 65117",-7.9770952,112.6241392,0812-3210-8150,http://www.tangganadamusic.com/,-,-,Siang,-,-,-,Hari Kerja,"Selasa	10.00–17.00
Rabu	10.00–17.00
Kamis	10.00–17.00
Jumat	10.00–17.00
Sabtu	10.00–17.00
Minggu	Tutup
Senin	10.00–17.00",Kelas,15 Orang